番号,22,
名前,リューナ,
呼び名,リューナ,
CSTR,ふりがな,りゅーな,

;フラグ,夜型,1,		;これがONだと部室には現れず、自宅にのみ現れる

基礎,体力,2900

素質,外見年齢,3,
素質,長身,
素質,発情体質
素質,拡張適性
素質,優しい,
素質,強気,
素質,陽気,
素質,好奇心,
素質,粗野,
素質,気丈,
素質,妊娠しづらい,
素質,力持ち,3,
素質,天性の舌使い,
素質,においに弱い,
素質,しっぽ,7,
素質,エルフ耳,1,
素質,ツノ,1,
素質,翼,7,
素質,料理上手,
素質,寒がり,

能力,信頼,1
能力,欲望,1
能力,技巧,1
能力,Ｃ感覚,1
能力,Ｖ感覚,1

経験,絶頂経験,5
経験,Ｖ経験,10
経験,自慰経験,15

CSTR,肩書,竜人,		;職業とか種族とかあだ名とか
CSTR,種族,竜人,
CSTR,学年,ＯＧ,		;学年とか教師とか
CSTR,アドバイス,精力増大,	;アドバイザーの時に発揮される力
CSTR,仕事,,		;仕事名_属性1_属性2_…_属性nを/区切りで複数指定して記述する
CSTR,陰毛の好み,ナチュラル,	;脱毛処理orツルツルorお手入れ済orナチュラルor生え放題 から選択。それを可能なら維持します
CSTR,腋毛の好み,ツルツル,	;脱毛処理orツルツルor生え放題 から選択。それを可能なら維持します
CSTR,好きな色,おとなしい色,		;下着などで好む色です。通常の色の他、ランダム選択となる Ｈな色、おとなしい色 が指定できます
CSTR,関係,セフレ,		;CSV記述の物が初期関係となる。……まぁ本質はセフレだけどな

CSTR,好きなパンツ,ローライズパンツ/シースルーパンツ/ローレグパンツ/,	;好きなパンツです。普段のパンツで穿きます。/区切りで複数指定OK。@PALAM_PANTIES の各LOCALSの先頭の文字列を/で区切ったもの、例えば フリルのパンツ/紐パン と記述する
CSTR,嫌いなパンツ,縞々パンツ/フリルのパンツ/褌/貞操帯,	;自分からは穿かないパンツです。指定可能なのは好きなパンツと一緒
CSTR,好きなブラ,シンプルブラ/シースルーブラ/タンクトップ/チューブトップ/サラシ,	;パンツ同様、好きなブラです。@PALAM_BRA の各LOCALSの先頭の文字列を/で区切ったもの、例えば シンプルブラ/チューブトップ と記述する
CSTR,嫌いなブラ,縞々ブラ/フリルのブラ/キャミソール,	;パンツ同様

CSTR,お茶,烏龍茶/麦茶,		;ここに記述されているものを飲み物として用意してくれます
CSTR,好きなもの,学園の生徒/料理/土いじり/特撮ヒーロー番組,	;フレーバーです。/区切りで複数設定できます。例：ぬいぐるみ/料理
CSTR,嫌いなもの,冬,	;フレーバーです。/区切りで複数設定できます。例：いも虫/トランプ
;CSTR,髪,ネイビーと金のグラデーションカラー_ミディアム,		;フレーバーです。髪の色_髪型　で記述します。服などの様に"｜" で分割して条件分岐も出来ます。例：金髪_ロング｜金髪_おさげ：自宅

CSTR,髪の色,紺髪,
CSTR,髪の長さ,ミディアム,
CSTR,前髪,片目隠れ,
CSTR,後ろ髪,ナチュラル,
CSTR,アレンジ,ノーアレンジ,
CSTR,アホ毛,アホ毛,
CSTR,リボン,リボンなし,
CSTR,目の色,青_金,
CSTR,目の形,通常目２,
CSTR,白目,白目なし,
CSTR,眉の形,通常眉,
CSTR,口の形,大口,
